"petak_id","luas_ha","jumlah_pohon","pohon_per_ha","rata_tinggi_m","maks_tinggi_m"
"P001",0.25,23,92,16.27,22.31
"P002",0.25,35,140,14.3,23.79
"P003",0.25,35,140,10.31,18.08
"P004",0.25,31,124,9.89,19.49
"P005",0.01,3,300,15.59,20.15
"P006",0.25,30,120,16.61,26.03
"P007",0.25,36,144,13.48,18.53
"P008",0.25,31,124,14.99,19.41
"P009",0.25,35,140,13.38,19
"P010",0.01,2,200,15.34,15.76
"P011",0.25,24,96,10.07,13.69
"P012",0.25,25,100,14.46,19.59
"P013",0.25,33,132,15.96,21.57
"P014",0.25,30,120,11.85,22.65
"P015",0.01,2,200,5.21,5.94
"P016",0.25,27,108,19.12,26.03
"P017",0.25,19,76,13.5,21.97
"P018",0.25,26,104,13.13,24.06
"P019",0.25,33,132,20.32,24.84
"P020",0.01,2,200,19.89,20.8
"P021",0.06,10,181.8,19.95,23.06
"P022",0.06,8,145.5,11.56,23.38
"P023",0.06,9,163.6,17.3,23.44
"P024",0.06,7,127.3,20.84,24.83
"P025",0,0,0,NA,NA
